,rawTrain20143,rawTrain20146,rawTrain20149
CNN,0.4713506066813633,0.4559356351236146,0.535246776613267
BEST,0.4713506066813633,0.4559356351236146,0.535246776613267
