,rawTrain20143,rawTrain20146,rawTrain20149
CNN,0.46259388383264066,0.5464326709351709,0.5426545109168891
BEST,0.46259388383264066,0.5464326709351709,0.5426545109168891
