Classifier, Accuracy
LDA, 0.6525754168247503
Nearest Neighbors, 0.4740112541814036
Linear SVM, 0.6135887637512308
RBF SVM, 0.3333333333333333
Gaussian Process, 0.3333333333333333
Decision Tree, 0.591988124986254
Random Forest, 0.36640700057049197
Neural Net, 0.42228695788816467
AdaBoost, 0.6027057682250744
Naive Bayes, 0.5496112904951266
QDA, 0.5251106543613583
