Classifier, Accuracy
LDA, 0.6297547554457746
Nearest Neighbors, 0.5965081661792703
Linear SVM, 0.6269608839498756
RBF SVM, 0.3333333333333333
Gaussian Process, 0.3333333333333333
Decision Tree, 0.59837234629434
Random Forest, 0.4477396347580795
Neural Net, 0.5730539662534562
AdaBoost, 0.6318790501112908
Naive Bayes, 0.475545284753168
QDA, 0.4942679419322032
