Classifier, Accuracy
LDA, 0.39042798302611653
Nearest Neighbors, 0.4830174505875713
Linear SVM, 0.4453792053885823
RBF SVM, 0.3333333333333333
Gaussian Process, 0.3333333333333333
Decision Tree, 0.4556823606145645
Random Forest, 0.41255306276343146
Neural Net, 0.47911921477207264
AdaBoost, 0.4900126839200589
Naive Bayes, 0.4151936819326176
QDA, 0.3391014116911392
