Dataset,QDA accuracy,Dissim accuracy
iris,0.9866666666666667,
digits,0.9518904392245953,
wine,0.8543650793650794,
breast_cancer,0.9538842626752397,
covtype,0.46939975141560325,
