Dataset,QDA accuracy,Dissim accuracy
iris,0.9866666666666667,0.9866666666666667
digits,0.9566184649610678,0.9632925472747497
wine,0.9662921348314607,0.9775280898876404
breast_cancer,0.9614035087719298,0.9157894736842105
covtype,0.6512,0.659
