Dataset,QDA accuracy,Dissim accuracy
iris,0.9866666666666667,0.9733333333333333
digits,0.9563154798677769,0.9096981972230443
wine,0.9626984126984127,0.9670634920634921
breast_cancer,0.9538842626752397,0.890007378517972
covtype,0.5039627933459344,0.396713304738956
